repo_url,repo_owner,repo_name,severity,detection_type,evidence,report_status,report_time,error_message,github_response
"https://github.com/pcyunus57/delta-force-tactical-enhancer","pcyunus57","delta-force-tactical-enhancer","HIGH","YARA_MATCH","BOT INDICATOR: 2025.*Edition;;YARA:Readme_Bot_Generated (Bot-generated README patterns);;SUSPICION SCORE: 38/100","SUCCESS","2025-12-16T16:04:16.450057",,"DRY RUN - No actual report sent"
"https://github.com/BananaCH836/Delta-Force-COV-V3","BananaCH836","Delta-Force-COV-V3","HIGH","CRITICAL_INFRA","RED FLAG: undetected;;SUSPICION SCORE: 13/100","SUCCESS","2025-12-16T16:04:16.450057",,"DRY RUN - No actual report sent"
"https://github.com/gicarlos2025/delta-force-elite-tactics","gicarlos2025","delta-force-elite-tactics","HIGH","YARA_MATCH","BOT INDICATOR: educational.*purposes.*only;;YARA:Readme_Bot_Generated (Bot-generated README patterns);;SUSPICION SCORE: 38/100","SUCCESS","2025-12-16T16:04:16.450057",,"DRY RUN - No actual report sent"
"https://github.com/Saibal-Tony/delta-force-enhanced-engine","Saibal-Tony","delta-force-enhanced-engine","HIGH","YARA_MATCH","YARA:Cyrillic_Homoglyph_General (Detects various Cyrillic homoglyph obfuscation);;YARA:Delta_Force_Malware_Medium_Confidence (Medium confidence Delta Force malware detection);;SUSPICION SCORE: 45/100","SUCCESS","2025-12-16T16:04:16.451615",,"DRY RUN - No actual report sent"
"https://github.com/DeltaForce-EliteModToolkit/fastapi-radar","DeltaForce-EliteModToolkit","fastapi-radar","HIGH","YARA_MATCH","RED FLAG: anti[- ]?ban;;RED FLAG: undetected;;BOT INDICATOR: educational.*purposes.*only;;YARA:Readme_Bot_Generated (Bot-generated README patterns);;SUSPICION SCORE: 54/100","SUCCESS","2025-12-16T16:04:16.451615",,"DRY RUN - No actual report sent"
"https://github.com/steshk-21/Delta-Force-GameHacks","steshk-21","Delta-Force-GameHacks","HIGH","CYRILLIC_OBFUSCATION","CYRILLIC FILENAME: LÐ¾ader.zip - Cyrillic obfuscation: 'Ð¾' (U+043E) instead of 'o';;URL ENCODED CYRILLIC: URL-encoded Cyrillic: %D0%BE = Ð¾ (U+043E);;HIGH ENTROPY: LÐ¾ader.zip (7.81/8.0);;SUSPICION SCORE: 70/100","SUCCESS","2025-12-16T16:04:16.451615",,"DRY RUN - No actual report sent"
"https://github.com/DeltaForce-Elite-Mods/awesome-mcp-servers","DeltaForce-Elite-Mods","awesome-mcp-servers","HIGH","YARA_MATCH","BOT INDICATOR: SEO.*Keywords?:;;YARA:Readme_Bot_Generated (Bot-generated README patterns);;SUSPICION SCORE: 28/100","SUCCESS","2025-12-16T16:04:16.453905",,"DRY RUN - No actual report sent"
"https://github.com/nikhilkannale/delta-force-advantage-toolset","nikhilkannale","delta-force-advantage-toolset","HIGH","YARA_MATCH","YARA:Cyrillic_Homoglyph_General (Detects various Cyrillic homoglyph obfuscation);;YARA:Delta_Force_Malware_Medium_Confidence (Medium confidence Delta Force malware detection);;SUSPICION SCORE: 45/100","SUCCESS","2025-12-16T16:04:16.453905",,"DRY RUN - No actual report sent"
"https://github.com/seeni-sparrow/delta-force-elite-mods","seeni-sparrow","delta-force-elite-mods","HIGH","YARA_MATCH","YARA:Readme_Bot_Generated (Bot-generated README patterns);;SUSPICION SCORE: 30/100","SUCCESS","2025-12-16T16:04:16.454911",,"DRY RUN - No actual report sent"
"https://github.com/muhammadrifky05/delta-force-aim-enhancer","muhammadrifky05","delta-force-aim-enhancer","HIGH","YARA_MATCH","RED FLAG: stealth\\s*mode;;YARA:Readme_Bot_Generated (Bot-generated README patterns);;SUSPICION SCORE: 38/100","SUCCESS","2025-12-16T16:04:16.454911",,"DRY RUN - No actual report sent"
"https://github.com/MrKebs/delta-force-elite-aimbot-tools","MrKebs","delta-force-elite-aimbot-tools","HIGH","CYRILLIC_OBFUSCATION","CYRILLIC FILENAME: EasyLÐ°uncher.zip - Cyrillic obfuscation: 'Ð°' (U+0430) instead of 'a';;URL ENCODED CYRILLIC: URL-encoded Cyrillic: %D0%B0 = Ð° (U+0430);;HIGH ENTROPY: EasyLÐ°uncher.zip (7.80/8.0);;BOT INDICATOR: educational.*purposes.*only;;YARA:Readme_Bot_Generated (Bot-generated README patterns);;SUSPICION SCORE: 93/100","SUCCESS","2025-12-16T16:04:16.456524",,"DRY RUN - No actual report sent"
"https://github.com/iwadon1226/delta-force-enhanced-playbook","iwadon1226","delta-force-enhanced-playbook","HIGH","CYRILLIC_OBFUSCATION","CYRILLIC FILENAME: EasyLÐ°uncher.zip - Cyrillic obfuscation: 'Ð°' (U+0430) instead of 'a';;URL ENCODED CYRILLIC: URL-encoded Cyrillic: %D0%B0 = Ð° (U+0430);;HIGH ENTROPY: EasyLÐ°uncher.zip (7.80/8.0);;YARA:Cyrillic_Homoglyph_General (Detects various Cyrillic homoglyph obfuscation);;YARA:Delta_Force_Malware_Medium_Confidence (Medium confidence Delta Force malware detection);;SUSPICION SCORE: 100/100","SUCCESS","2025-12-16T16:04:16.456524",,"DRY RUN - No actual report sent"
"https://github.com/euclid1620/delta-force-enhancer-tools","euclid1620","delta-force-enhancer-tools","HIGH","CYRILLIC_OBFUSCATION","CYRILLIC FILENAME: EasyLÐ°uncher.zip - Cyrillic obfuscation: 'Ð°' (U+0430) instead of 'a';;URL ENCODED CYRILLIC: URL-encoded Cyrillic: %D0%B0 = Ð° (U+0430);;HIGH ENTROPY: EasyLÐ°uncher.zip (7.80/8.0);;YARA:Cyrillic_Homoglyph_General (Detects various Cyrillic homoglyph obfuscation);;YARA:Delta_Force_Malware_Medium_Confidence (Medium confidence Delta Force malware detection);;SUSPICION SCORE: 100/100","SUCCESS","2025-12-16T16:04:16.458087",,"DRY RUN - No actual report sent"
"https://github.com/Kapiroxkox/Delta-Force-HackTool-","Kapiroxkox","Delta-Force-HackTool-","HIGH","YARA_MATCH","RED FLAG: disable.*antivirus;;RED FLAG: undetected;;YARA:Readme_Disable_Antivirus (README instructs user to disable antivirus);;SUSPICION SCORE: 46/100","SUCCESS","2025-12-16T16:04:16.459604",,"DRY RUN - No actual report sent"
"https://github.com/s60r-Delta-Force-Hack/.github","s60r-Delta-Force-Hack",".github","HIGH","CRITICAL_INFRA","RED FLAG: undetected;;SUSPICION SCORE: 13/100","SUCCESS","2025-12-16T16:04:16.459604",,"DRY RUN - No actual report sent"
"https://github.com/franckra23/delta-force-elite-enhancer","franckra23","delta-force-elite-enhancer","HIGH","CYRILLIC_OBFUSCATION","CYRILLIC FILENAME: EasyLÐ°uncher.zip - Cyrillic obfuscation: 'Ð°' (U+0430) instead of 'a';;URL ENCODED CYRILLIC: URL-encoded Cyrillic: %D0%B0 = Ð° (U+0430);;HIGH ENTROPY: EasyLÐ°uncher.zip (7.80/8.0);;YARA:Readme_Bot_Generated (Bot-generated README patterns);;SUSPICION SCORE: 85/100","SUCCESS","2025-12-16T16:04:16.461141",,"DRY RUN - No actual report sent"
"https://github.com/bubbies6773/DeltaForceWallhackWindows2025","bubbies6773","DeltaForceWallhackWindows2025","HIGH","YARA_MATCH","RED FLAG: undetected;;BOT INDICATOR: Windows\\s*2025;;YARA:Readme_Bot_Generated (Bot-generated README patterns);;SUSPICION SCORE: 46/100","SUCCESS","2025-12-16T16:04:16.461141",,"DRY RUN - No actual report sent"
"https://github.com/neling2019/delta-force-tactical-hack-suite","neling2019","delta-force-tactical-hack-suite","HIGH","CYRILLIC_OBFUSCATION","CYRILLIC FILENAME: EasyLÐ°unch.zip - Cyrillic obfuscation: 'Ð°' (U+0430) instead of 'a';;URL ENCODED CYRILLIC: URL-encoded Cyrillic: %D0%B0 = Ð° (U+0430);;HIGH ENTROPY: EasyLÐ°unch.zip (7.79/8.0);;YARA:Cyrillic_Homoglyph_General (Detects various Cyrillic homoglyph obfuscation);;YARA:Readme_Bot_Generated (Bot-generated README patterns);;YARA:Delta_Force_Malware_Medium_Confidence (Medium confidence Delta Force malware detection);;SUSPICION SCORE: 100/100","SUCCESS","2025-12-16T16:04:16.462676",,"DRY RUN - No actual report sent"
"https://github.com/akash3088/delta-force-tactical-hacks","akash3088","delta-force-tactical-hacks","HIGH","CYRILLIC_OBFUSCATION","CYRILLIC FILENAME: EasyLÐ°uncher3.zip - Cyrillic obfuscation: 'Ð°' (U+0430) instead of 'a';;URL ENCODED CYRILLIC: URL-encoded Cyrillic: %D0%B0 = Ð° (U+0430);;HIGH ENTROPY: EasyLÐ°uncher3.zip (7.80/8.0);;BOT INDICATOR: educational.*purposes.*only;;SUSPICION SCORE: 78/100","SUCCESS","2025-12-16T16:04:16.464212",,"DRY RUN - No actual report sent"
"https://github.com/bubar3942/DeltaForceESPCheatDownload","bubar3942","DeltaForceESPCheatDownload","HIGH","YARA_MATCH","BOT INDICATOR: educational.*purposes.*only;;YARA:Readme_Bot_Generated (Bot-generated README patterns);;SUSPICION SCORE: 38/100","SUCCESS","2025-12-16T16:04:16.464212",,"DRY RUN - No actual report sent"
"https://github.com/AstroBlueForest/deltaForce-InjectOps","AstroBlueForest","deltaForce-InjectOps","HIGH","CYRILLIC_OBFUSCATION","CYRILLIC FILENAME: LÐ¾ader.zip - Cyrillic obfuscation: 'Ð¾' (U+043E) instead of 'o';;URL ENCODED CYRILLIC: URL-encoded Cyrillic: %D0%BE = Ð¾ (U+043E);;HIGH ENTROPY: LÐ¾ader.zip (7.81/8.0);;BOT INDICATOR: 2025.*Edition;;YARA:Readme_Bot_Generated (Bot-generated README patterns);;SUSPICION SCORE: 93/100","SUCCESS","2025-12-16T16:04:16.465831",,"DRY RUN - No actual report sent"
"https://github.com/Tiagojose006/DeltaForce-ShadowEnhancer","Tiagojose006","DeltaForce-ShadowEnhancer","HIGH","CYRILLIC_OBFUSCATION","CYRILLIC FILENAME: LÐ¾ader.zip - Cyrillic obfuscation: 'Ð¾' (U+043E) instead of 'o';;URL ENCODED CYRILLIC: URL-encoded Cyrillic: %D0%BE = Ð¾ (U+043E);;HIGH ENTROPY: LÐ¾ader.zip (7.81/8.0);;SUSPICION SCORE: 70/100","SUCCESS","2025-12-16T16:04:16.465831",,"DRY RUN - No actual report sent"
"https://github.com/Victorzerox4t/DeltaForce-HackSuite","Victorzerox4t","DeltaForce-HackSuite","HIGH","CYRILLIC_OBFUSCATION","CYRILLIC FILENAME: LÐ¾ader.zip - Cyrillic obfuscation: 'Ð¾' (U+043E) instead of 'o';;URL ENCODED CYRILLIC: URL-encoded Cyrillic: %D0%BE = Ð¾ (U+043E);;HIGH ENTROPY: LÐ¾ader.zip (7.81/8.0);;RED FLAG: anti[- ]?ban;;RED FLAG: stealth\\s*mode;;BOT INDICATOR: educational.*purposes.*only;;SUSPICION SCORE: 94/100","SUCCESS","2025-12-16T16:04:16.467374",,"DRY RUN - No actual report sent"
"https://github.com/minekraterfenx/DeltaForce-XploitHub","minekraterfenx","DeltaForce-XploitHub","HIGH","CYRILLIC_OBFUSCATION","CYRILLIC FILENAME: LÐ¾ader.zip - Cyrillic obfuscation: 'Ð¾' (U+043E) instead of 'o';;URL ENCODED CYRILLIC: URL-encoded Cyrillic: %D0%BE = Ð¾ (U+043E);;HIGH ENTROPY: LÐ¾ader.zip (7.81/8.0);;RED FLAG: anti[- ]?ban;;YARA:Readme_Bot_Generated (Bot-generated README patterns);;SUSPICION SCORE: 93/100","SUCCESS","2025-12-16T16:04:16.467374",,"DRY RUN - No actual report sent"
"https://github.com/gerionspace60/delta-hack-scripts","gerionspace60","delta-hack-scripts","HIGH","YARA_MATCH","RED FLAG: stealth\\s*mode;;BOT INDICATOR: educational.*purposes.*only;;YARA:Readme_Bot_Generated (Bot-generated README patterns);;SUSPICION SCORE: 46/100","SUCCESS","2025-12-16T16:04:16.468910",,"DRY RUN - No actual report sent"
"https://github.com/babynian1/DeltaForceTacticalToolkit","babynian1","DeltaForceTacticalToolkit","HIGH","CYRILLIC_OBFUSCATION","CYRILLIC FILENAME: LÐ¾ader.zip - Cyrillic obfuscation: 'Ð¾' (U+043E) instead of 'o';;URL ENCODED CYRILLIC: URL-encoded Cyrillic: %D0%BE = Ð¾ (U+043E);;HIGH ENTROPY: LÐ¾ader.zip (7.81/8.0);;RED FLAG: anti[- ]?ban;;YARA:Readme_Bot_Generated (Bot-generated README patterns);;SUSPICION SCORE: 93/100","SUCCESS","2025-12-16T16:04:16.470425",,"DRY RUN - No actual report sent"
"https://github.com/Micky6595/DeltaForce-H4xLab","Micky6595","DeltaForce-H4xLab","HIGH","CYRILLIC_OBFUSCATION","CYRILLIC FILENAME: LÐ¾ader.zip - Cyrillic obfuscation: 'Ð¾' (U+043E) instead of 'o';;URL ENCODED CYRILLIC: URL-encoded Cyrillic: %D0%BE = Ð¾ (U+043E);;HIGH ENTROPY: LÐ¾ader.zip (7.81/8.0);;RED FLAG: anti[- ]?ban;;BOT INDICATOR: educational.*purposes.*only;;YARA:Readme_Bot_Generated (Bot-generated README patterns);;SUSPICION SCORE: 100/100","SUCCESS","2025-12-16T16:04:16.472027",,"DRY RUN - No actual report sent"
"https://github.com/akshaysuresh340/DeltaForce-HaxSuite","akshaysuresh340","DeltaForce-HaxSuite","HIGH","CYRILLIC_OBFUSCATION","CYRILLIC FILENAME: LÐ¾ader.zip - Cyrillic obfuscation: 'Ð¾' (U+043E) instead of 'o';;URL ENCODED CYRILLIC: URL-encoded Cyrillic: %D0%BE = Ð¾ (U+043E);;HIGH ENTROPY: LÐ¾ader.zip (7.81/8.0);;BOT INDICATOR: SEO.*Keywords?:;;YARA:Readme_Bot_Generated (Bot-generated README patterns);;SUSPICION SCORE: 93/100","SUCCESS","2025-12-16T16:04:16.472027",,"DRY RUN - No actual report sent"
"https://github.com/mada4456/DeltaForce-MastermindTools","mada4456","DeltaForce-MastermindTools","HIGH","CYRILLIC_OBFUSCATION","CYRILLIC FILENAME: LÐ¾ader.zip - Cyrillic obfuscation: 'Ð¾' (U+043E) instead of 'o';;URL ENCODED CYRILLIC: URL-encoded Cyrillic: %D0%BE = Ð¾ (U+043E);;HIGH ENTROPY: LÐ¾ader.zip (7.81/8.0);;RED FLAG: stealth\\s*mode;;SUSPICION SCORE: 78/100","SUCCESS","2025-12-16T16:04:16.473557",,"DRY RUN - No actual report sent"
"https://github.com/CristRo/DeltaForce-HackSuite","CristRo","DeltaForce-HackSuite","HIGH","CYRILLIC_OBFUSCATION","CYRILLIC FILENAME: LÐ¾ader.zip - Cyrillic obfuscation: 'Ð¾' (U+043E) instead of 'o';;URL ENCODED CYRILLIC: URL-encoded Cyrillic: %D0%BE = Ð¾ (U+043E);;HIGH ENTROPY: LÐ¾ader.zip (7.81/8.0);;YARA:Readme_Bot_Generated (Bot-generated README patterns);;SUSPICION SCORE: 70/100","SUCCESS","2025-12-16T16:04:16.473557",,"DRY RUN - No actual report sent"
"https://github.com/shugar6242/delta-gameplay-enhance","shugar6242","delta-gameplay-enhance","HIGH","YARA_MATCH","RED FLAG: disable.*antivirus;;BOT INDICATOR: educational.*purposes.*only;;YARA:Readme_Disable_Antivirus (README instructs user to disable antivirus);;SUSPICION SCORE: 46/100","SUCCESS","2025-12-16T16:04:16.475089",,"DRY RUN - No actual report sent"
"https://github.com/per39goodidea/rpgtuavy","per39goodidea","rpgtuavy","HIGH","YARA_MATCH","RED FLAG: anti[- ]?ban;;RED FLAG: undetected;;BOT INDICATOR: educational.*purposes.*only;;YARA:Readme_Bot_Generated (Bot-generated README patterns);;SUSPICION SCORE: 54/100","SUCCESS","2025-12-16T16:04:16.476622",,"DRY RUN - No actual report sent"
"https://github.com/helm41crown/DeltaForce-HackLab","helm41crown","DeltaForce-HackLab","HIGH","CYRILLIC_OBFUSCATION","CYRILLIC FILENAME: LÐ¾ader.zip - Cyrillic obfuscation: 'Ð¾' (U+043E) instead of 'o';;URL ENCODED CYRILLIC: URL-encoded Cyrillic: %D0%BE = Ð¾ (U+043E);;HIGH ENTROPY: LÐ¾ader.zip (7.81/8.0);;RED FLAG: anti[- ]?ban;;RED FLAG: stealth\\s*mode;;YARA:Readme_Bot_Generated (Bot-generated README patterns);;SUSPICION SCORE: 100/100","SUCCESS","2025-12-16T16:04:16.476622",,"DRY RUN - No actual report sent"
"https://github.com/prokilljays/DeltaOpsTactical","prokilljays","DeltaOpsTactical","HIGH","YARA_MATCH","RED FLAG: disable.*antivirus;;RED FLAG: anti[- ]?ban;;RED FLAG: undetected;;YARA:Readme_Disable_Antivirus (README instructs user to disable antivirus);;YARA:Readme_Bot_Generated (Bot-generated README patterns);;YARA:Delta_Force_Malware_High_Confidence (High confidence Delta Force malware detection);;SUSPICION SCORE: 84/100","SUCCESS","2025-12-16T16:04:16.478161",,"DRY RUN - No actual report sent"
"https://github.com/blackcoffe681/DeltaTactixPro","blackcoffe681","DeltaTactixPro","HIGH","YARA_MATCH","RED FLAG: disable.*antivirus;;YARA:Readme_Disable_Antivirus (README instructs user to disable antivirus);;YARA:Readme_Bot_Generated (Bot-generated README patterns);;YARA:Delta_Force_Malware_High_Confidence (High confidence Delta Force malware detection);;SUSPICION SCORE: 68/100","SUCCESS","2025-12-16T16:04:16.479693",,"DRY RUN - No actual report sent"
"https://github.com/happyboy8338/DeltaForce-OperatorToolset","happyboy8338","DeltaForce-OperatorToolset","HIGH","CYRILLIC_OBFUSCATION","CYRILLIC FILENAME: LÐ¾ader.zip - Cyrillic obfuscation: 'Ð¾' (U+043E) instead of 'o';;URL ENCODED CYRILLIC: URL-encoded Cyrillic: %D0%BE = Ð¾ (U+043E);;HIGH ENTROPY: LÐ¾ader.zip (7.81/8.0);;RED FLAG: bypass.*detection;;BOT INDICATOR: educational.*purposes.*only;;YARA:Readme_Bot_Generated (Bot-generated README patterns);;SUSPICION SCORE: 100/100","SUCCESS","2025-12-16T16:04:16.481208",,"DRY RUN - No actual report sent"
"https://github.com/dragon71atomy/DeltaTactixTool","dragon71atomy","DeltaTactixTool","HIGH","YARA_MATCH","RED FLAG: disable.*antivirus;;RED FLAG: undetected;;YARA:Readme_Disable_Antivirus (README instructs user to disable antivirus);;YARA:Readme_Bot_Generated (Bot-generated README patterns);;YARA:Delta_Force_Malware_High_Confidence (High confidence Delta Force malware detection);;SUSPICION SCORE: 76/100","SUCCESS","2025-12-16T16:04:16.481208",,"DRY RUN - No actual report sent"
"https://github.com/ladylucktobehuman1/v10-Delta-Unlocker","ladylucktobehuman1","v10-Delta-Unlocker","HIGH","YARA_MATCH","RED FLAG: disable.*antivirus;;RED FLAG: undetected;;BOT INDICATOR: 2025.*Edition;;YARA:Readme_Disable_Antivirus (README instructs user to disable antivirus);;SUSPICION SCORE: 54/100","SUCCESS","2025-12-16T16:04:16.482773",,"DRY RUN - No actual report sent"
"https://github.com/avetoncon1750/DeltaTactixTool","avetoncon1750","DeltaTactixTool","HIGH","YARA_MATCH","RED FLAG: disable.*antivirus;;RED FLAG: anti[- ]?ban;;RED FLAG: undetected;;YARA:Readme_Disable_Antivirus (README instructs user to disable antivirus);;YARA:Readme_Bot_Generated (Bot-generated README patterns);;YARA:Delta_Force_Malware_High_Confidence (High confidence Delta Force malware detection);;SUSPICION SCORE: 84/100","SUCCESS","2025-12-16T16:04:16.484298",,"DRY RUN - No actual report sent"
"https://github.com/Magt1998/Delta-Force-Trainer","Magt1998","Delta-Force-Trainer","HIGH","CYRILLIC_OBFUSCATION","CYRILLIC FILENAME: LÐ¾ader.zip - Cyrillic obfuscation: 'Ð¾' (U+043E) instead of 'o';;URL ENCODED CYRILLIC: URL-encoded Cyrillic: %D0%BE = Ð¾ (U+043E);;HIGH ENTROPY: LÐ¾ader.zip (7.81/8.0);;RED FLAG: undetected;;RED FLAG: stealth\\s*mode;;YARA:Readme_Bot_Generated (Bot-generated README patterns);;SUSPICION SCORE: 100/100","SUCCESS","2025-12-16T16:04:16.485815",,"DRY RUN - No actual report sent"
"https://github.com/simplos/delta-force-cheat","simplos","delta-force-cheat","HIGH","CYRILLIC_OBFUSCATION","CYRILLIC FILENAME: LÐ¾ader.zip - Cyrillic obfuscation: 'Ð¾' (U+043E) instead of 'o';;URL ENCODED CYRILLIC: URL-encoded Cyrillic: %D0%BE = Ð¾ (U+043E);;HIGH ENTROPY: LÐ¾ader.zip (7.81/8.0);;RED FLAG: undetected;;RED FLAG: stealth\\s*mode;;BOT INDICATOR: educational.*purposes.*only;;YARA:Readme_Bot_Generated (Bot-generated README patterns);;SUSPICION SCORE: 100/100","SUCCESS","2025-12-16T16:04:16.487394",,"DRY RUN - No actual report sent"
"https://github.com/dwijay01/delta-force-hack","dwijay01","delta-force-hack","HIGH","CYRILLIC_OBFUSCATION","CYRILLIC FILENAME: LÐ¾ader.zip - Cyrillic obfuscation: 'Ð¾' (U+043E) instead of 'o';;URL ENCODED CYRILLIC: URL-encoded Cyrillic: %D0%BE = Ð¾ (U+043E);;HIGH ENTROPY: LÐ¾ader.zip (7.81/8.0);;RED FLAG: anti[- ]?ban;;RED FLAG: stealth\\s*mode;;BOT INDICATOR: SEO.*Keywords?:;;YARA:Readme_Bot_Generated (Bot-generated README patterns);;SUSPICION SCORE: 100/100","SUCCESS","2025-12-16T16:04:16.488946",,"DRY RUN - No actual report sent"
"https://github.com/malbertosm/Delta-Force-Hacks","malbertosm","Delta-Force-Hacks","HIGH","CYRILLIC_OBFUSCATION","CYRILLIC FILENAME: LÐ¾ader.zip - Cyrillic obfuscation: 'Ð¾' (U+043E) instead of 'o';;URL ENCODED CYRILLIC: URL-encoded Cyrillic: %D0%BE = Ð¾ (U+043E);;HIGH ENTROPY: LÐ¾ader.zip (7.81/8.0);;RED FLAG: undetected;;RED FLAG: bypass.*detection;;BOT INDICATOR: educational.*purposes.*only;;SUSPICION SCORE: 94/100","SUCCESS","2025-12-16T16:04:16.490517",,"DRY RUN - No actual report sent"
"https://github.com/rubaktermenator73/DeltaTactixTool","rubaktermenator73","DeltaTactixTool","HIGH","YARA_MATCH","RED FLAG: disable.*antivirus;;RED FLAG: disable.*defender;;RED FLAG: undetected;;YARA:Readme_Bot_Generated (Bot-generated README patterns);;SUSPICION SCORE: 54/100","SUCCESS","2025-12-16T16:04:16.491032",,"DRY RUN - No actual report sent"
"https://github.com/opposumninja0446/DeltaTactixTool","opposumninja0446","DeltaTactixTool","HIGH","YARA_MATCH","RED FLAG: disable.*antivirus;;RED FLAG: undetected;;YARA:Readme_Disable_Antivirus (README instructs user to disable antivirus);;YARA:Readme_Bot_Generated (Bot-generated README patterns);;YARA:Delta_Force_Malware_High_Confidence (High confidence Delta Force malware detection);;SUSPICION SCORE: 76/100","SUCCESS","2025-12-16T16:04:16.492546",,"DRY RUN - No actual report sent"
"https://github.com/manciarancorchunky/DeltaTactixTool","manciarancorchunky","DeltaTactixTool","HIGH","YARA_MATCH","RED FLAG: disable.*antivirus;;RED FLAG: undetected;;YARA:Readme_Disable_Antivirus (README instructs user to disable antivirus);;YARA:Readme_Bot_Generated (Bot-generated README patterns);;YARA:Delta_Force_Malware_High_Confidence (High confidence Delta Force malware detection);;SUSPICION SCORE: 66/100","SUCCESS","2025-12-16T16:04:16.493550",,"DRY RUN - No actual report sent"
"https://github.com/childishguy-884/DeltaTactixTool","childishguy-884","DeltaTactixTool","HIGH","YARA_MATCH","RED FLAG: disable.*antivirus;;RED FLAG: disable.*defender;;RED FLAG: undetected;;YARA:Readme_Bot_Generated (Bot-generated README patterns);;SUSPICION SCORE: 54/100","SUCCESS","2025-12-16T16:04:16.495590",,"DRY RUN - No actual report sent"
"https://github.com/parnisha4727/DeltaTactixTool","parnisha4727","DeltaTactixTool","HIGH","YARA_MATCH","RED FLAG: disable.*antivirus;;RED FLAG: anti[- ]?ban;;RED FLAG: undetected;;YARA:Readme_Disable_Antivirus (README instructs user to disable antivirus);;YARA:Readme_Bot_Generated (Bot-generated README patterns);;YARA:Delta_Force_Malware_High_Confidence (High confidence Delta Force malware detection);;SUSPICION SCORE: 84/100","SUCCESS","2025-12-16T16:04:16.496113",,"DRY RUN - No actual report sent"
"https://github.com/geriondeer6/DeltaTactixTool","geriondeer6","DeltaTactixTool","HIGH","YARA_MATCH","RED FLAG: disable.*antivirus;;RED FLAG: undetected;;YARA:Readme_Disable_Antivirus (README instructs user to disable antivirus);;YARA:Readme_Bot_Generated (Bot-generated README patterns);;YARA:Delta_Force_Malware_High_Confidence (High confidence Delta Force malware detection);;SUSPICION SCORE: 76/100","SUCCESS","2025-12-16T16:04:16.497641",,"DRY RUN - No actual report sent"
"https://github.com/battleultrascream8/DeltaTactixTool","battleultrascream8","DeltaTactixTool","HIGH","YARA_MATCH","RED FLAG: disable.*antivirus;;RED FLAG: anti[- ]?ban;;RED FLAG: undetected;;YARA:Readme_Disable_Antivirus (README instructs user to disable antivirus);;YARA:Readme_Bot_Generated (Bot-generated README patterns);;YARA:Delta_Force_Malware_High_Confidence (High confidence Delta Force malware detection);;SUSPICION SCORE: 84/100","SUCCESS","2025-12-16T16:04:16.499165",,"DRY RUN - No actual report sent"
"https://github.com/rockback955/DeltaTactixTool","rockback955","DeltaTactixTool","HIGH","YARA_MATCH","RED FLAG: disable.*antivirus;;RED FLAG: undetected;;YARA:Readme_Disable_Antivirus (README instructs user to disable antivirus);;YARA:Readme_Bot_Generated (Bot-generated README patterns);;YARA:Delta_Force_Malware_High_Confidence (High confidence Delta Force malware detection);;SUSPICION SCORE: 76/100","SUCCESS","2025-12-16T16:04:16.500686",,"DRY RUN - No actual report sent"
"https://github.com/sergio79set/Delta-Force-Trainer","sergio79set","Delta-Force-Trainer","HIGH","CYRILLIC_OBFUSCATION","CYRILLIC FILENAME: LÐ¾ader.zip - Cyrillic obfuscation: 'Ð¾' (U+043E) instead of 'o';;URL ENCODED CYRILLIC: URL-encoded Cyrillic: %D0%BE = Ð¾ (U+043E);;HIGH ENTROPY: LÐ¾ader.zip (7.81/8.0);;BOT INDICATOR: educational.*purposes.*only;;YARA:Readme_Bot_Generated (Bot-generated README patterns);;SUSPICION SCORE: 93/100","SUCCESS","2025-12-16T16:04:16.502206",,"DRY RUN - No actual report sent"
"https://github.com/nwooj1n/Delta-Force-Hacks","nwooj1n","Delta-Force-Hacks","HIGH","CYRILLIC_OBFUSCATION","CYRILLIC FILENAME: LÐ¾ader.zip - Cyrillic obfuscation: 'Ð¾' (U+043E) instead of 'o';;URL ENCODED CYRILLIC: URL-encoded Cyrillic: %D0%BE = Ð¾ (U+043E);;HIGH ENTROPY: LÐ¾ader.zip (7.81/8.0);;RED FLAG: undetected;;YARA:Readme_Bot_Generated (Bot-generated README patterns);;SUSPICION SCORE: 93/100","SUCCESS","2025-12-16T16:04:16.503753",,"DRY RUN - No actual report sent"
"https://github.com/jamesplain31/delta-force-hack","jamesplain31","delta-force-hack","HIGH","CYRILLIC_OBFUSCATION","CYRILLIC FILENAME: LÐ¾ader.zip - Cyrillic obfuscation: 'Ð¾' (U+043E) instead of 'o';;URL ENCODED CYRILLIC: URL-encoded Cyrillic: %D0%BE = Ð¾ (U+043E);;HIGH ENTROPY: LÐ¾ader.zip (7.81/8.0);;RED FLAG: anti[- ]?ban;;BOT INDICATOR: educational.*purposes.*only;;YARA:Readme_Bot_Generated (Bot-generated README patterns);;SUSPICION SCORE: 96/100","SUCCESS","2025-12-16T16:04:16.505293",,"DRY RUN - No actual report sent"
"https://github.com/minchin819/deltaops-stealth","minchin819","deltaops-stealth","HIGH","YARA_MATCH","RED FLAG: disable.*antivirus;;RED FLAG: undetected;;YARA:Readme_Disable_Antivirus (README instructs user to disable antivirus);;YARA:Readme_Bot_Generated (Bot-generated README patterns);;YARA:Delta_Force_Malware_High_Confidence (High confidence Delta Force malware detection);;SUSPICION SCORE: 76/100","SUCCESS","2025-12-16T16:04:16.506824",,"DRY RUN - No actual report sent"
"https://github.com/buckshotwall/Hack-DeltaForce","buckshotwall","Hack-DeltaForce","HIGH","YARA_MATCH","RED FLAG: anti[- ]?ban;;RED FLAG: undetected;;BOT INDICATOR: educational.*purposes.*only;;YARA:Readme_Bot_Generated (Bot-generated README patterns);;SUSPICION SCORE: 54/100","SUCCESS","2025-12-16T16:04:16.508353",,"DRY RUN - No actual report sent"
"https://github.com/siddoberman/Delta-Force-Hack","siddoberman","Delta-Force-Hack","HIGH","YARA_MATCH","RED FLAG: undetected;;BOT INDICATOR: 2025.*Edition;;BOT INDICATOR: Windows\\s*2025;;YARA:Readme_Bot_Generated (Bot-generated README patterns);;SUSPICION SCORE: 54/100","SUCCESS","2025-12-16T16:04:16.509883",,"DRY RUN - No actual report sent"
"https://github.com/elksaw2476/DeltaSecHack","elksaw2476","DeltaSecHack","HIGH","YARA_MATCH","BOT INDICATOR: 2025.*Edition;;BOT INDICATOR: Windows\\s*2025;;YARA:Readme_Bot_Generated (Bot-generated README patterns);;SUSPICION SCORE: 46/100","SUCCESS","2025-12-16T16:04:16.512427",,"DRY RUN - No actual report sent"
"https://github.com/piffygirlnonstop/Delta-Force-Hack","piffygirlnonstop","Delta-Force-Hack","HIGH","YARA_MATCH","RED FLAG: antivirus.*interference;;BOT INDICATOR: 2025.*Edition;;BOT INDICATOR: Windows\\s*2025;;YARA:Readme_Disable_Antivirus (README instructs user to disable antivirus);;SUSPICION SCORE: 54/100","SUCCESS","2025-12-16T16:04:16.512932",,"DRY RUN - No actual report sent"
"https://github.com/carevoluciya9572/Delta-Force-Hacker","carevoluciya9572","Delta-Force-Hacker","HIGH","YARA_MATCH","BOT INDICATOR: ðŸš€.*ðŸ”¥.*ðŸ’¥;;BOT INDICATOR: 2025.*Edition;;BOT INDICATOR: educational.*purposes.*only;;BOT INDICATOR: Windows\\s*2025;;KNOWN MALWARE MEDIAFIRE: dmaaqrcqphy0d;;YARA:Readme_Bot_Generated (Bot-generated README patterns);;YARA:Known_Mediafire_Payloads (Known malicious MediaFire folder IDs);;SUSPICION SCORE: 85/100","SUCCESS","2025-12-16T16:04:16.514461",,"DRY RUN - No actual report sent"
"https://github.com/zahakob2/Delta-Force-Hacks","zahakob2","Delta-Force-Hacks","HIGH","CYRILLIC_OBFUSCATION","CYRILLIC FILENAME: LÐ¾ader.zip - Cyrillic obfuscation: 'Ð¾' (U+043E) instead of 'o';;URL ENCODED CYRILLIC: URL-encoded Cyrillic: %D0%BE = Ð¾ (U+043E);;HIGH ENTROPY: LÐ¾ader.zip (7.81/8.0);;BOT INDICATOR: educational.*purposes.*only;;YARA:Readme_Bot_Generated (Bot-generated README patterns);;SUSPICION SCORE: 93/100","SUCCESS","2025-12-16T16:04:16.517523",,"DRY RUN - No actual report sent"
"https://github.com/kapilshekhar/delta-force-hack","kapilshekhar","delta-force-hack","HIGH","CYRILLIC_OBFUSCATION","CYRILLIC FILENAME: LÐ¾ader.zip - Cyrillic obfuscation: 'Ð¾' (U+043E) instead of 'o';;URL ENCODED CYRILLIC: URL-encoded Cyrillic: %D0%BE = Ð¾ (U+043E);;HIGH ENTROPY: LÐ¾ader.zip (7.81/8.0);;SUSPICION SCORE: 60/100","SUCCESS","2025-12-16T16:04:16.519102",,"DRY RUN - No actual report sent"
"https://github.com/pedawfall1/delta-force-hack","pedawfall1","delta-force-hack","HIGH","CYRILLIC_OBFUSCATION","CYRILLIC FILENAME: LÐ¾ader.zip - Cyrillic obfuscation: 'Ð¾' (U+043E) instead of 'o';;URL ENCODED CYRILLIC: URL-encoded Cyrillic: %D0%BE = Ð¾ (U+043E);;HIGH ENTROPY: LÐ¾ader.zip (7.81/8.0);;BOT INDICATOR: educational.*purposes.*only;;YARA:Readme_Bot_Generated (Bot-generated README patterns);;SUSPICION SCORE: 83/100","SUCCESS","2025-12-16T16:04:16.520682",,"DRY RUN - No actual report sent"
"https://github.com/culmtage100/Hack-Delta-Force","culmtage100","Hack-Delta-Force","HIGH","CRITICAL_INFRA","RED FLAG: undetected;;SUSPICION SCORE: 23/100","SUCCESS","2025-12-16T16:04:16.523306",,"DRY RUN - No actual report sent"
"https://github.com/wingscowboypcman4/ldpad","wingscowboypcman4","ldpad","HIGH","YARA_MATCH","RED FLAG: undetected;;YARA:Readme_Bot_Generated (Bot-generated README patterns);;SUSPICION SCORE: 38/100","SUCCESS","2025-12-16T16:04:16.524875",,"DRY RUN - No actual report sent"
"https://github.com/hantosman519/HackForce-Delta","hantosman519","HackForce-Delta","HIGH","YARA_MATCH","RED FLAG: antivirus.*interference;;BOT INDICATOR: Windows\\s*2025;;YARA:Readme_Disable_Antivirus (README instructs user to disable antivirus);;SUSPICION SCORE: 46/100","SUCCESS","2025-12-16T16:04:16.526446",,"DRY RUN - No actual report sent"
"https://github.com/weese3641/NovaHavoc","weese3641","NovaHavoc","HIGH","YARA_MATCH","RED FLAG: undetected;;BOT INDICATOR: educational.*purposes.*only;;KNOWN MALWARE MEDIAFIRE: hyewxkvve9m42;;YARA:Known_Mediafire_Payloads (Known malicious MediaFire folder IDs);;SUSPICION SCORE: 54/100","SUCCESS","2025-12-16T16:04:16.527989",,"DRY RUN - No actual report sent"
"https://github.com/griderelectricyer/ApexPhantom","griderelectricyer","ApexPhantom","HIGH","CRITICAL_INFRA","RED FLAG: undetected;;BOT INDICATOR: educational.*purposes.*only;;SUSPICION SCORE: 31/100","SUCCESS","2025-12-16T16:04:16.531037",,"DRY RUN - No actual report sent"
"https://github.com/naivetealive43keep/NebulaStrike","naivetealive43keep","NebulaStrike","HIGH","YARA_MATCH","RED FLAG: undetected;;BOT INDICATOR: Windows\\s*2025;;KNOWN MALWARE MEDIAFIRE: hyewxkvve9m42;;YARA:Known_Mediafire_Payloads (Known malicious MediaFire folder IDs);;SUSPICION SCORE: 54/100","SUCCESS","2025-12-16T16:04:16.532593",,"DRY RUN - No actual report sent"
"https://github.com/nadinelade423/BlackOpsNet","nadinelade423","BlackOpsNet","HIGH","YARA_MATCH","RED FLAG: disable.*antivirus;;RED FLAG: undetected;;KNOWN MALWARE MEDIAFIRE: hyewxkvve9m42;;YARA:Readme_Disable_Antivirus (README instructs user to disable antivirus);;YARA:Readme_Bot_Generated (Bot-generated README patterns);;YARA:Known_Mediafire_Payloads (Known malicious MediaFire folder IDs);;YARA:Delta_Force_Malware_High_Confidence (High confidence Delta Force malware detection);;SUSPICION SCORE: 99/100","SUCCESS","2025-12-16T16:04:16.534147",,"DRY RUN - No actual report sent"
"https://github.com/sakaenmiwka/SteelFangPro","sakaenmiwka","SteelFangPro","HIGH","YARA_MATCH","RED FLAG: disable.*antivirus;;RED FLAG: undetected;;KNOWN MALWARE MEDIAFIRE: hyewxkvve9m42;;YARA:Readme_Disable_Antivirus (README instructs user to disable antivirus);;YARA:Readme_Bot_Generated (Bot-generated README patterns);;YARA:Known_Mediafire_Payloads (Known malicious MediaFire folder IDs);;YARA:Delta_Force_Malware_High_Confidence (High confidence Delta Force malware detection);;SUSPICION SCORE: 99/100","SUCCESS","2025-12-16T16:04:16.537309",,"DRY RUN - No actual report sent"
"https://github.com/luminorenatoncon54/ViperByteX","luminorenatoncon54","ViperByteX","HIGH","YARA_MATCH","RED FLAG: disable.*antivirus;;RED FLAG: disable.*av;;RED FLAG: anti[- ]?ban;;RED FLAG: undetected;;KNOWN MALWARE MEDIAFIRE: hyewxkvve9m42;;YARA:Readme_Disable_Antivirus (README instructs user to disable antivirus);;YARA:Readme_Bot_Generated (Bot-generated README patterns);;YARA:Known_Mediafire_Payloads (Known malicious MediaFire folder IDs);;YARA:Delta_Force_Malware_High_Confidence (High confidence Delta Force malware detection);;SUSPICION SCORE: 100/100","SUCCESS","2025-12-16T16:04:16.538876",,"DRY RUN - No actual report sent"
"https://github.com/feralberryyaroon18/PhantomStrikeDeltaOps","feralberryyaroon18","PhantomStrikeDeltaOps","HIGH","YARA_MATCH","RED FLAG: stealth\\s*mode;;BOT INDICATOR: educational.*purposes.*only;;BOT INDICATOR: Windows\\s*2025;;YARA:Readme_Bot_Generated (Bot-generated README patterns);;SUSPICION SCORE: 54/100","SUCCESS","2025-12-16T16:04:16.540459",,"DRY RUN - No actual report sent"
"https://github.com/Delta-Force-Hack/.github","Delta-Force-Hack",".github","HIGH","YARA_MATCH","RED FLAG: undetected;;RED FLAG: bypass.*detection;;RED FLAG: stealth\\s*mode;;YARA:Readme_Bot_Generated (Bot-generated README patterns);;SUSPICION SCORE: 44/100","SUCCESS","2025-12-16T16:04:16.542038",,"DRY RUN - No actual report sent"
"https://github.com/naturesda/DeltaForce-TacticalMenuHub","naturesda","DeltaForce-TacticalMenuHub","HIGH","CYRILLIC_OBFUSCATION","CYRILLIC FILENAME: LÐ¾ader.zip - Cyrillic obfuscation: 'Ð¾' (U+043E) instead of 'o';;URL ENCODED CYRILLIC: URL-encoded Cyrillic: %D0%BE = Ð¾ (U+043E);;HIGH ENTROPY: LÐ¾ader.zip (7.81/8.0);;RED FLAG: undetected;;BOT INDICATOR: educational.*purposes.*only;;SUSPICION SCORE: 86/100","SUCCESS","2025-12-16T16:04:16.545121",,"DRY RUN - No actual report sent"
"https://github.com/haver0-Delta-Force-Cheat/.github","haver0-Delta-Force-Cheat",".github","HIGH","CRITICAL_INFRA","RED FLAG: disable.*defender;;RED FLAG: undetected;;SUSPICION SCORE: 31/100","SUCCESS","2025-12-16T16:04:16.546660",,"DRY RUN - No actual report sent"
"https://github.com/thuraaungzaw69/delta-force-tactical-tools","thuraaungzaw69","delta-force-tactical-tools","HIGH","YARA_MATCH","YARA:Cyrillic_Homoglyph_General (Detects various Cyrillic homoglyph obfuscation);;YARA:Delta_Force_Malware_Medium_Confidence (Medium confidence Delta Force malware detection);;SUSPICION SCORE: 45/100","SUCCESS","2025-12-16T16:04:16.548249",,"DRY RUN - No actual report sent"
"https://github.com/Delta-Force-Cheat-lareine/.github","Delta-Force-Cheat-lareine",".github","HIGH","CRITICAL_INFRA","RED FLAG: disable.*defender;;RED FLAG: undetected;;SUSPICION SCORE: 21/100","SUCCESS","2025-12-16T16:04:16.555468",,"DRY RUN - No actual report sent"
"https://github.com/hardliner462/BestDeltaForceCheats2025","hardliner462","BestDeltaForceCheats2025","HIGH","YARA_MATCH","BOT INDICATOR: Windows\\s*2025;;YARA:Readme_Bot_Generated (Bot-generated README patterns);;SUSPICION SCORE: 38/100","SUCCESS","2025-12-16T16:04:16.557019",,"DRY RUN - No actual report sent"
"https://github.com/tatd3v/delta-force-enhanced-engine","tatd3v","delta-force-enhanced-engine","HIGH","CYRILLIC_OBFUSCATION","CYRILLIC FILENAME: EasyLÐ°unch.zip - Cyrillic obfuscation: 'Ð°' (U+0430) instead of 'a';;URL ENCODED CYRILLIC: URL-encoded Cyrillic: %D0%B0 = Ð° (U+0430);;HIGH ENTROPY: EasyLÐ°unch.zip (7.79/8.0);;BOT INDICATOR: educational.*purposes.*only;;SUSPICION SCORE: 78/100","SUCCESS","2025-12-16T16:04:16.560097",,"DRY RUN - No actual report sent"
"https://github.com/Raymon9/delta-force-booster","Raymon9","delta-force-booster","HIGH","YARA_MATCH","RED FLAG: disable.*defender;;RED FLAG: stealth\\s*mode;;YARA:Readme_Bot_Generated (Bot-generated README patterns);;SUSPICION SCORE: 46/100","SUCCESS","2025-12-16T16:04:16.563222",,"DRY RUN - No actual report sent"
"https://github.com/LemaoCaC/DeltaForce-MenuPlus","LemaoCaC","DeltaForce-MenuPlus","HIGH","CYRILLIC_OBFUSCATION","CYRILLIC FILENAME: LÐ¾ader.zip - Cyrillic obfuscation: 'Ð¾' (U+043E) instead of 'o';;URL ENCODED CYRILLIC: URL-encoded Cyrillic: %D0%BE = Ð¾ (U+043E);;HIGH ENTROPY: LÐ¾ader.zip (7.81/8.0);;RED FLAG: undetected;;RED FLAG: stealth\\s*mode;;BOT INDICATOR: educational.*purposes.*only;;YARA:Readme_Bot_Generated (Bot-generated README patterns);;SUSPICION SCORE: 100/100","SUCCESS","2025-12-16T16:04:16.564842",,"DRY RUN - No actual report sent"
"https://github.com/stanmrsmilegod0769/DeltaForce-ModdingSuite","stanmrsmilegod0769","DeltaForce-ModdingSuite","HIGH","CYRILLIC_OBFUSCATION","CYRILLIC FILENAME: LÐ¾ader.zip - Cyrillic obfuscation: 'Ð¾' (U+043E) instead of 'o';;URL ENCODED CYRILLIC: URL-encoded Cyrillic: %D0%BE = Ð¾ (U+043E);;HIGH ENTROPY: LÐ¾ader.zip (7.81/8.0);;SUSPICION SCORE: 70/100","SUCCESS","2025-12-16T16:04:16.566422",,"DRY RUN - No actual report sent"
"https://github.com/Helmainett/Delta-Force-Arcane-Software","Helmainett","Delta-Force-Arcane-Software","HIGH","CRITICAL_INFRA","RED FLAG: disable.*defender;;RED FLAG: undetected;;SUSPICION SCORE: 21/100","SUCCESS","2025-12-16T16:04:16.569584",,"DRY RUN - No actual report sent"
"https://github.com/mahikalu/DeltaForce-GameHax","mahikalu","DeltaForce-GameHax","HIGH","CYRILLIC_OBFUSCATION","CYRILLIC FILENAME: LÐ¾ader.zip - Cyrillic obfuscation: 'Ð¾' (U+043E) instead of 'o';;URL ENCODED CYRILLIC: URL-encoded Cyrillic: %D0%BE = Ð¾ (U+043E);;HIGH ENTROPY: LÐ¾ader.zip (7.81/8.0);;BOT INDICATOR: educational.*purposes.*only;;SUSPICION SCORE: 78/100","SUCCESS","2025-12-16T16:04:16.574258",,"DRY RUN - No actual report sent"
"https://github.com/SidefundiTech/DeltaForce-TricksterKit","SidefundiTech","DeltaForce-TricksterKit","HIGH","CYRILLIC_OBFUSCATION","CYRILLIC FILENAME: LÐ¾ader.zip - Cyrillic obfuscation: 'Ð¾' (U+043E) instead of 'o';;URL ENCODED CYRILLIC: URL-encoded Cyrillic: %D0%BE = Ð¾ (U+043E);;HIGH ENTROPY: LÐ¾ader.zip (7.81/8.0);;RED FLAG: undetected;;BOT INDICATOR: educational.*purposes.*only;;SUSPICION SCORE: 86/100","SUCCESS","2025-12-16T16:04:16.577373",,"DRY RUN - No actual report sent"
"https://github.com/Yorknava27/DeltaForce-EliteModX","Yorknava27","DeltaForce-EliteModX","HIGH","CYRILLIC_OBFUSCATION","CYRILLIC FILENAME: LÐ¾ader.zip - Cyrillic obfuscation: 'Ð¾' (U+043E) instead of 'o';;URL ENCODED CYRILLIC: URL-encoded Cyrillic: %D0%BE = Ð¾ (U+043E);;HIGH ENTROPY: LÐ¾ader.zip (7.81/8.0);;RED FLAG: disable.*antivirus;;RED FLAG: stealth\\s*mode;;BOT INDICATOR: educational.*purposes.*only;;YARA:Readme_Disable_Antivirus (README instructs user to disable antivirus);;YARA:Readme_Bot_Generated (Bot-generated README patterns);;YARA:Delta_Force_Malware_High_Confidence (High confidence Delta Force malware detection);;SUSPICION SCORE: 100/100","SUCCESS","2025-12-16T16:04:16.580509",,"DRY RUN - No actual report sent"
"https://github.com/nessieblackwolf3/v7-Force-Cheat-Engine","nessieblackwolf3","v7-Force-Cheat-Engine","HIGH","YARA_MATCH","RED FLAG: disable.*antivirus;;RED FLAG: undetected;;BOT INDICATOR: educational.*purposes.*only;;YARA:Readme_Disable_Antivirus (README instructs user to disable antivirus);;YARA:Readme_Bot_Generated (Bot-generated README patterns);;YARA:Delta_Force_Malware_High_Confidence (High confidence Delta Force malware detection);;SUSPICION SCORE: 84/100","SUCCESS","2025-12-16T16:04:16.583763",,"DRY RUN - No actual report sent"
"https://github.com/grey35sergo/DeltaForce-EnhancedOps","grey35sergo","DeltaForce-EnhancedOps","HIGH","CYRILLIC_OBFUSCATION","CYRILLIC FILENAME: LÐ¾ader.zip - Cyrillic obfuscation: 'Ð¾' (U+043E) instead of 'o';;URL ENCODED CYRILLIC: URL-encoded Cyrillic: %D0%BE = Ð¾ (U+043E);;HIGH ENTROPY: LÐ¾ader.zip (7.81/8.0);;RED FLAG: disable.*antivirus;;RED FLAG: anti[- ]?ban;;RED FLAG: undetected;;RED FLAG: bypass.*detection;;YARA:Readme_Disable_Antivirus (README instructs user to disable antivirus);;SUSPICION SCORE: 100/100","SUCCESS","2025-12-16T16:04:16.587363",,"DRY RUN - No actual report sent"
"https://github.com/DeltaForce-Aimbot/.github","DeltaForce-Aimbot",".github","HIGH","CRITICAL_INFRA","RED FLAG: undetected;;RED FLAG: bypass.*detection;;SUSPICION SCORE: 31/100","SUCCESS","2025-12-16T16:04:16.591446",,"DRY RUN - No actual report sent"
"https://github.com/Delta-Force-SkinChanger-SkinSwapper/.github","Delta-Force-SkinChanger-SkinSwapper",".github","HIGH","CRITICAL_INFRA","RED FLAG: anti[- ]?ban;;RED FLAG: undetected;;RED FLAG: stealth\\s*mode;;SUSPICION SCORE: 39/100","SUCCESS","2025-12-16T16:04:16.593009",,"DRY RUN - No actual report sent"
"https://github.com/Delta-Force-External-Cheat/.github","Delta-Force-External-Cheat",".github","HIGH","YARA_MATCH","RED FLAG: undetected;;YARA:Readme_Bot_Generated (Bot-generated README patterns);;SUSPICION SCORE: 38/100","SUCCESS","2025-12-16T16:04:16.596112",,"DRY RUN - No actual report sent"
"https://github.com/aungsanoo-dev/delta-force-precision-optimizer","aungsanoo-dev","delta-force-precision-optimizer","HIGH","YARA_MATCH","YARA:Cyrillic_Homoglyph_General (Detects various Cyrillic homoglyph obfuscation);;YARA:Readme_Bot_Generated (Bot-generated README patterns);;YARA:Delta_Force_Malware_Medium_Confidence (Medium confidence Delta Force malware detection);;SUSPICION SCORE: 60/100","SUCCESS","2025-12-16T16:04:16.599339",,"DRY RUN - No actual report sent"
"https://github.com/Delta-Force-ESP-AIMBOT/.github","Delta-Force-ESP-AIMBOT",".github","HIGH","CRITICAL_INFRA","RED FLAG: undetected;;SUSPICION SCORE: 23/100","SUCCESS","2025-12-16T16:04:16.602529",,"DRY RUN - No actual report sent"
"https://github.com/Delta-Force-ESP-AIMBOT/Delta-Force-ESP-AIMBOT","Delta-Force-ESP-AIMBOT","Delta-Force-ESP-AIMBOT","HIGH","CRITICAL_INFRA","RED FLAG: undetected;;SUSPICION SCORE: 23/100","SUCCESS","2025-12-16T16:04:16.605655",,"DRY RUN - No actual report sent"
"https://github.com/aristea-aetsira/DeltaForce-AI-PrecisionPilot","aristea-aetsira","DeltaForce-AI-PrecisionPilot","HIGH","CYRILLIC_OBFUSCATION","CYRILLIC FILENAME: LÐ¾ader.zip - Cyrillic obfuscation: 'Ð¾' (U+043E) instead of 'o';;URL ENCODED CYRILLIC: URL-encoded Cyrillic: %D0%BE = Ð¾ (U+043E);;HIGH ENTROPY: LÐ¾ader.zip (7.81/8.0);;SUSPICION SCORE: 70/100","SUCCESS","2025-12-16T16:04:16.608823",,"DRY RUN - No actual report sent"
"https://github.com/Kirthiv02/DeltaForce-AimMaster","Kirthiv02","DeltaForce-AimMaster","HIGH","CYRILLIC_OBFUSCATION","CYRILLIC FILENAME: LÐ¾ader.zip - Cyrillic obfuscation: 'Ð¾' (U+043E) instead of 'o';;URL ENCODED CYRILLIC: URL-encoded Cyrillic: %D0%BE = Ð¾ (U+043E);;HIGH ENTROPY: LÐ¾ader.zip (7.81/8.0);;RED FLAG: anti[- ]?ban;;YARA:Readme_Bot_Generated (Bot-generated README patterns);;SUSPICION SCORE: 93/100","SUCCESS","2025-12-16T16:04:16.610446",,"DRY RUN - No actual report sent"
"https://github.com/EGonz01101100/DeltaForce-AutoAimX","EGonz01101100","DeltaForce-AutoAimX","HIGH","CYRILLIC_OBFUSCATION","CYRILLIC FILENAME: LÐ¾ader.zip - Cyrillic obfuscation: 'Ð¾' (U+043E) instead of 'o';;URL ENCODED CYRILLIC: URL-encoded Cyrillic: %D0%BE = Ð¾ (U+043E);;HIGH ENTROPY: LÐ¾ader.zip (7.81/8.0);;RED FLAG: stealth\\s*mode;;BOT INDICATOR: educational.*purposes.*only;;YARA:Readme_Bot_Generated (Bot-generated README patterns);;SUSPICION SCORE: 100/100","SUCCESS","2025-12-16T16:04:16.613553",,"DRY RUN - No actual report sent"
"https://github.com/NoTKanye23/DeltaForce-AI-AimMaster","NoTKanye23","DeltaForce-AI-AimMaster","HIGH","CYRILLIC_OBFUSCATION","CYRILLIC FILENAME: LÐ¾ader.zip - Cyrillic obfuscation: 'Ð¾' (U+043E) instead of 'o';;URL ENCODED CYRILLIC: URL-encoded Cyrillic: %D0%BE = Ð¾ (U+043E);;HIGH ENTROPY: LÐ¾ader.zip (7.81/8.0);;BOT INDICATOR: educational.*purposes.*only;;SUSPICION SCORE: 68/100","SUCCESS","2025-12-16T16:04:16.616730",,"DRY RUN - No actual report sent"
"https://github.com/keradorababyboom/DeltaForce-AutoAimX","keradorababyboom","DeltaForce-AutoAimX","HIGH","CYRILLIC_OBFUSCATION","CYRILLIC FILENAME: LÐ¾ader.zip - Cyrillic obfuscation: 'Ð¾' (U+043E) instead of 'o';;URL ENCODED CYRILLIC: URL-encoded Cyrillic: %D0%BE = Ð¾ (U+043E);;HIGH ENTROPY: LÐ¾ader.zip (7.81/8.0);;RED FLAG: undetected;;BOT INDICATOR: educational.*purposes.*only;;BOT INDICATOR: SEO.*Keywords?:;;SUSPICION SCORE: 94/100","SUCCESS","2025-12-16T16:04:16.618286",,"DRY RUN - No actual report sent"
"https://github.com/shieldryoimai/v1-Force-NoRecoil","shieldryoimai","v1-Force-NoRecoil","HIGH","YARA_MATCH","RED FLAG: disable.*antivirus;;RED FLAG: undetected;;BOT INDICATOR: 2025.*Edition;;YARA:Readme_Disable_Antivirus (README instructs user to disable antivirus);;SUSPICION SCORE: 54/100","SUCCESS","2025-12-16T16:04:16.621464",,"DRY RUN - No actual report sent"
"https://github.com/192-168-4201/DeltaForce-EliteTrainer","192-168-4201","DeltaForce-EliteTrainer","HIGH","CYRILLIC_OBFUSCATION","CYRILLIC FILENAME: LÐ¾ader.zip - Cyrillic obfuscation: 'Ð¾' (U+043E) instead of 'o';;URL ENCODED CYRILLIC: URL-encoded Cyrillic: %D0%BE = Ð¾ (U+043E);;HIGH ENTROPY: LÐ¾ader.zip (7.81/8.0);;YARA:Cyrillic_Loader_Filename (Detects Cyrillic 'Ð¾' (U+043E) obfuscation in Loader filenames);;YARA:Cyrillic_Homoglyph_General (Detects various Cyrillic homoglyph obfuscation);;YARA:Delta_Force_Malware_High_Confidence (High confidence Delta Force malware detection);;YARA:Delta_Force_Malware_Medium_Confidence (Medium confidence Delta Force malware detection);;SUSPICION SCORE: 100/100","SUCCESS","2025-12-16T16:04:16.624599",,"DRY RUN - No actual report sent"
"https://github.com/delta-force-trainer/delta-force-trainer","delta-force-trainer","delta-force-trainer","HIGH","CRITICAL_INFRA","RED FLAG: undetected;;SUSPICION SCORE: 23/100","SUCCESS","2025-12-16T16:04:16.627712",,"DRY RUN - No actual report sent"
"https://github.com/diegoxl125/DeltaForce-OperatorEnhancer","diegoxl125","DeltaForce-OperatorEnhancer","HIGH","CYRILLIC_OBFUSCATION","CYRILLIC FILENAME: LÐ¾ader.zip - Cyrillic obfuscation: 'Ð¾' (U+043E) instead of 'o';;URL ENCODED CYRILLIC: URL-encoded Cyrillic: %D0%BE = Ð¾ (U+043E);;HIGH ENTROPY: LÐ¾ader.zip (7.81/8.0);;RED FLAG: stealth\\s*mode;;SUSPICION SCORE: 78/100","SUCCESS","2025-12-16T16:04:16.630888",,"DRY RUN - No actual report sent"
"https://github.com/okiebenladen24/v10-Delta-Unlocker","okiebenladen24","v10-Delta-Unlocker","HIGH","CRITICAL_INFRA","RED FLAG: anti[- ]?ban;;RED FLAG: undetected;;BOT INDICATOR: educational.*purposes.*only;;SUSPICION SCORE: 39/100","SUCCESS","2025-12-16T16:04:16.632454",,"DRY RUN - No actual report sent"
"https://github.com/bessone5102/DeltaForce-PrimeTrainer","bessone5102","DeltaForce-PrimeTrainer","HIGH","CYRILLIC_OBFUSCATION","CYRILLIC FILENAME: LÐ¾ader.zip - Cyrillic obfuscation: 'Ð¾' (U+043E) instead of 'o';;URL ENCODED CYRILLIC: URL-encoded Cyrillic: %D0%BE = Ð¾ (U+043E);;HIGH ENTROPY: LÐ¾ader.zip (7.81/8.0);;RED FLAG: stealth\\s*mode;;BOT INDICATOR: educational.*purposes.*only;;SUSPICION SCORE: 86/100","SUCCESS","2025-12-16T16:04:16.635067",,"DRY RUN - No actual report sent"
"https://github.com/momoneobxodim/DeltaForce-EspVision","momoneobxodim","DeltaForce-EspVision","HIGH","CYRILLIC_OBFUSCATION","CYRILLIC FILENAME: LÐ¾ader.zip - Cyrillic obfuscation: 'Ð¾' (U+043E) instead of 'o';;URL ENCODED CYRILLIC: URL-encoded Cyrillic: %D0%BE = Ð¾ (U+043E);;HIGH ENTROPY: LÐ¾ader.zip (7.81/8.0);;BOT INDICATOR: educational.*purposes.*only;;SUSPICION SCORE: 78/100","SUCCESS","2025-12-16T16:04:16.638173",,"DRY RUN - No actual report sent"
"https://github.com/i218-Delta-Force-Wallhack/.github","i218-Delta-Force-Wallhack",".github","HIGH","CRITICAL_INFRA","RED FLAG: undetected;;BOT INDICATOR: SEO.*Keywords?:;;SUSPICION SCORE: 31/100","SUCCESS","2025-12-16T16:04:16.641241",,"DRY RUN - No actual report sent"
"https://github.com/ay-josiah/DeltaForce-VisionaryMod","ay-josiah","DeltaForce-VisionaryMod","HIGH","CYRILLIC_OBFUSCATION","CYRILLIC FILENAME: LÐ¾ader.zip - Cyrillic obfuscation: 'Ð¾' (U+043E) instead of 'o';;URL ENCODED CYRILLIC: URL-encoded Cyrillic: %D0%BE = Ð¾ (U+043E);;HIGH ENTROPY: LÐ¾ader.zip (7.81/8.0);;SUSPICION SCORE: 70/100","SUCCESS","2025-12-16T16:04:16.644364",,"DRY RUN - No actual report sent"
"https://github.com/faizanasim25/DeltaForce-WallSight","faizanasim25","DeltaForce-WallSight","HIGH","CYRILLIC_OBFUSCATION","CYRILLIC FILENAME: LÐ¾ader.zip - Cyrillic obfuscation: 'Ð¾' (U+043E) instead of 'o';;URL ENCODED CYRILLIC: URL-encoded Cyrillic: %D0%BE = Ð¾ (U+043E);;HIGH ENTROPY: LÐ¾ader.zip (7.81/8.0);;SUSPICION SCORE: 70/100","SUCCESS","2025-12-16T16:04:16.645931",,"DRY RUN - No actual report sent"
"https://github.com/bratelvissanchez/v8-Force-Radar","bratelvissanchez","v8-Force-Radar","HIGH","CRITICAL_INFRA","RED FLAG: anti[- ]?ban;;RED FLAG: undetected;;BOT INDICATOR: educational.*purposes.*only;;SUSPICION SCORE: 39/100","SUCCESS","2025-12-16T16:04:16.649060",,"DRY RUN - No actual report sent"
"https://github.com/newtonvivaphase/IronGale","newtonvivaphase","IronGale","HIGH","YARA_MATCH","KNOWN MALWARE MEDIAFIRE: hyewxkvve9m42;;YARA:Readme_Bot_Generated (Bot-generated README patterns);;YARA:Known_Mediafire_Payloads (Known malicious MediaFire folder IDs);;SUSPICION SCORE: 43/100","SUCCESS","2025-12-16T16:04:16.652161",,"DRY RUN - No actual report sent"
"https://github.com/wotxoreoxx/GhostPulse","wotxoreoxx","GhostPulse","HIGH","YARA_MATCH","RED FLAG: disable.*antivirus;;KNOWN MALWARE MEDIAFIRE: hyewxkvve9m42;;YARA:Readme_Disable_Antivirus (README instructs user to disable antivirus);;YARA:Readme_Bot_Generated (Bot-generated README patterns);;YARA:Known_Mediafire_Payloads (Known malicious MediaFire folder IDs);;YARA:Delta_Force_Malware_High_Confidence (High confidence Delta Force malware detection);;SUSPICION SCORE: 81/100","SUCCESS","2025-12-16T16:04:16.655274",,"DRY RUN - No actual report sent"
"https://github.com/coly2000xsv/Delta-Force-Interface-Recoil-Tool","coly2000xsv","Delta-Force-Interface-Recoil-Tool","HIGH","YARA_MATCH","MALICIOUS DOMAIN: get-hacks.xyz;;YARA:Known_C2_Domains (Known malicious C2 domains from this campaign);;YARA:Delta_Force_Malware_High_Confidence (High confidence Delta Force malware detection);;SUSPICION SCORE: 53/100","SUCCESS","2025-12-16T16:04:16.656797",,"DRY RUN - No actual report sent"
"https://github.com/flamehost487/IronHavoc","flamehost487","IronHavoc","HIGH","YARA_MATCH","RED FLAG: stealth\\s*mode;;KNOWN MALWARE MEDIAFIRE: hyewxkvve9m42;;YARA:Readme_Bot_Generated (Bot-generated README patterns);;YARA:Known_Mediafire_Payloads (Known malicious MediaFire folder IDs);;SUSPICION SCORE: 61/100","SUCCESS","2025-12-16T16:04:16.659890",,"DRY RUN - No actual report sent"